{"loss": [1.9197124242782593, 1.6085394620895386, 1.4575461149215698, 1.341806411743164, 1.2474095821380615, 1.1644222736358643, 1.1019612550735474, 1.0470994710922241, 1.0024096965789795, 0.9599090218544006, 0.9285721182823181, 0.8923123478889465, 0.8660590648651123, 0.8339629769325256, 0.8117502927780151, 0.7866973876953125, 0.7687451839447021, 0.7488967776298523, 0.7355495095252991, 0.7245897650718689, 0.7140820026397705, 0.7086067795753479, 0.6973674893379211, 0.6936441659927368, 0.6806963682174683, 0.678051233291626, 0.6742933392524719, 0.6730782985687256, 0.6694576144218445, 0.6610414981842041, 0.6633461117744446, 0.6542699337005615, 0.6607680320739746, 0.6583099961280823, 0.6643618941307068, 0.6606211066246033, 0.6595039367675781, 0.6636216640472412, 0.6643286943435669, 0.6649628281593323], "accuracy": [0.27505603432655334, 0.3984750211238861, 0.4677393436431885, 0.5125080347061157, 0.5517531037330627, 0.58397376537323, 0.6114713549613953, 0.6308037042617798, 0.6490554213523865, 0.6638648509979248, 0.6758725643157959, 0.688900887966156, 0.700628399848938, 0.7120357155799866, 0.7203009724617004, 0.7300271987915039, 0.7379122376441956, 0.7428754568099976, 0.7464777231216431, 0.7536623477935791, 0.7580451369285583, 0.7613072395324707, 0.7661903500556946, 0.7663304805755615, 0.7708133459091187, 0.7708333134651184, 0.7744156122207642, 0.7760967016220093, 0.7755563855171204, 0.7806196212768555, 0.7787383794784546, 0.7820605039596558, 0.7794588804244995, 0.7825208306312561, 0.7812199592590332, 0.7834814190864563, 0.7842018604278564, 0.7809798121452332, 0.782820999622345, 0.7802993655204773], "val_loss": [1.637297511100769, 1.4421740770339966, 1.2859891653060913, 1.216543436050415, 1.2333905696868896, 1.11151123046875, 1.0109916925430298, 1.0436471700668335, 0.9309731721878052, 0.9006710052490234, 0.8755592703819275, 0.8869630694389343, 0.7511138916015625, 0.7688607573509216, 0.8548051714897156, 0.7266697287559509, 0.7202953100204468, 0.6738632321357727, 0.7963113188743591, 0.646725058555603, 0.642228364944458, 0.656378984451294, 0.652660071849823, 0.6507684588432312, 0.7052489519119263, 0.6332259178161621, 0.8097568154335022, 0.7250530123710632, 0.6678416728973389, 0.622427761554718, 0.640416145324707, 0.576183557510376, 0.5674195885658264, 0.5789266228675842, 0.612572431564331, 0.7402195334434509, 0.5644015669822693, 0.6379399299621582, 0.6855974793434143, 0.6196803450584412], "val_accuracy": [0.3869999945163727, 0.4625999927520752, 0.5295000076293945, 0.5633000135421753, 0.571399986743927, 0.6108999848365784, 0.6434999704360962, 0.6327999830245972, 0.680400013923645, 0.690500020980835, 0.7031999826431274, 0.6952000260353088, 0.7457000017166138, 0.7369999885559082, 0.7192000150680542, 0.7563999891281128, 0.7529000043869019, 0.7684999704360962, 0.7351999878883362, 0.7824000120162964, 0.7811999917030334, 0.7785999774932861, 0.7821999788284302, 0.7849000096321106, 0.7670999765396118, 0.7886000275611877, 0.7343000173568726, 0.7598999738693237, 0.781000018119812, 0.7858999967575073, 0.7874000072479248, 0.8052999973297119, 0.8100000023841858, 0.8080000281333923, 0.8043000102043152, 0.7609000205993652, 0.8047000169754028, 0.7886000275611877, 0.7742999792098999, 0.7972999811172485], "verbose": 1, "epochs": 40, "steps": 1562}